{
  "main": {
    "id": "6ae38850b2991fa1",
    "type": "split",
    "children": [
      {
        "id": "f1cfee2982edc1e1",
        "type": "tabs",
        "children": [
          {
            "id": "c6aaf87f7f07b287",
            "type": "leaf",
            "state": {
              "type": "markdown",
              "state": {
                "file": "Characters/Sílorin/Backstory.md",
                "mode": "source",
                "source": false
              }
            }
          }
        ]
      }
    ],
    "direction": "vertical"
  },
  "left": {
    "id": "93c1bd7c5026a865",
    "type": "mobile-drawer",
    "children": [
      {
        "id": "dee65660cd26752b",
        "type": "leaf",
        "state": {
          "type": "file-explorer",
          "state": {
            "sortOrder": "alphabetical"
          }
        }
      },
      {
        "id": "1aba20f6a5a07fe2",
        "type": "leaf",
        "state": {
          "type": "search",
          "state": {
            "query": "",
            "matchingCase": false,
            "explainSearch": false,
            "collapseAll": false,
            "extraContext": false,
            "sortOrder": "alphabetical"
          }
        }
      },
      {
        "id": "d08806e1d914d52d",
        "type": "leaf",
        "state": {
          "type": "tag",
          "state": {
            "sortOrder": "frequency",
            "useHierarchy": true
          }
        }
      },
      {
        "id": "700d051ffae65ece",
        "type": "leaf",
        "state": {
          "type": "starred",
          "state": {}
        }
      }
    ],
    "currentTab": 0
  },
  "right": {
    "id": "076647680f6021cf",
    "type": "mobile-drawer",
    "children": [
      {
        "id": "a601f23d6d6935d2",
        "type": "leaf",
        "state": {
          "type": "backlink",
          "state": {
            "file": "Characters/Sílorin/Backstory.md",
            "collapseAll": false,
            "extraContext": false,
            "sortOrder": "alphabetical",
            "showSearch": false,
            "searchQuery": "",
            "backlinkCollapsed": false,
            "unlinkedCollapsed": true
          }
        }
      },
      {
        "id": "e3b042eb7e7e6896",
        "type": "leaf",
        "state": {
          "type": "outgoing-link",
          "state": {
            "file": "Characters/Sílorin/Backstory.md",
            "linksCollapsed": false,
            "unlinkedCollapsed": true
          }
        }
      },
      {
        "id": "e9ef1c3365d3f1fe",
        "type": "leaf",
        "state": {
          "type": "outline",
          "state": {
            "file": "Characters/Sílorin/Backstory.md"
          }
        }
      },
      {
        "id": "a3fa5942ad79ca24",
        "type": "leaf",
        "state": {
          "type": "DICE_ROLLER_VIEW",
          "state": {}
        }
      },
      {
        "id": "67a25dc61ea4d7a1",
        "type": "leaf",
        "state": {
          "type": "FANTASY_CALENDAR",
          "state": {}
        }
      },
      {
        "id": "91beee58dd88c6c0",
        "type": "leaf",
        "state": {
          "type": "initiative-tracker-view",
          "state": {}
        }
      },
      {
        "id": "1e42827aadd6b5fa",
        "type": "leaf",
        "state": {
          "type": "QUICKSHARE_SIDE_VIEW",
          "state": {}
        }
      }
    ],
    "currentTab": 4
  },
  "left-ribbon": {
    "hiddenItems": {
      "switcher:Open quick switcher": false,
      "graph:Open graph view": false,
      "canvas:Create new canvas": false,
      "daily-notes:Open today's daily note": false,
      "templates:Insert template": false,
      "command-palette:Open command palette": false,
      "fantasy-calendar:Open Large Fantasy Calendar": false,
      "obsidian-leaflet-plugin:Open Leaflet Map": false,
      "table-editor-obsidian:Advanced Tables Toolbar": false,
      "simple-dice-roller:Average all dice": false
    }
  },
  "active": "1e42827aadd6b5fa",
  "lastOpenFiles": [
    "Characters/Sílorin/Sílorin.md",
    "Characters/Sílorin/Backstory.md",
    "Characters/Sílorin.md",
    "Bababooie.md"
  ]
}