{
  "main": {
    "id": "cefc910197a99f49",
    "type": "split",
    "children": [
      {
        "id": "4b33a5a13505ed25",
        "type": "tabs",
        "children": [
          {
            "id": "1821acd459351343",
            "type": "leaf",
            "state": {
              "type": "markdown",
              "state": {
                "file": "Characters/Non-Player Characters (NPC's)/Barovia/Other/Tommy.md",
                "mode": "source",
                "source": false
              }
            }
          }
        ]
      }
    ],
    "direction": "vertical"
  },
  "left": {
    "id": "446f691774a5befc",
    "type": "split",
    "children": [
      {
        "id": "23df1ecc3de94974",
        "type": "tabs",
        "children": [
          {
            "id": "6dbc02d059f72de2",
            "type": "leaf",
            "state": {
              "type": "file-explorer",
              "state": {
                "sortOrder": "alphabetical"
              }
            }
          },
          {
            "id": "3e19062ac2c0ff98",
            "type": "leaf",
            "state": {
              "type": "search",
              "state": {
                "query": "",
                "matchingCase": false,
                "explainSearch": false,
                "collapseAll": false,
                "extraContext": false,
                "sortOrder": "alphabetical"
              }
            }
          },
          {
            "id": "8b44abe5e344e14a",
            "type": "leaf",
            "state": {
              "type": "starred",
              "state": {}
            }
          },
          {
            "id": "7caa79b1c0429d26",
            "type": "leaf",
            "state": {
              "type": "bookmarks",
              "state": {}
            }
          }
        ]
      }
    ],
    "direction": "horizontal",
    "width": 373.5
  },
  "right": {
    "id": "ce24f2a64b81ef65",
    "type": "split",
    "children": [
      {
        "id": "e0f2bacb77375bb8",
        "type": "tabs",
        "children": [
          {
            "id": "076b1d9afe9a5531",
            "type": "leaf",
            "state": {
              "type": "backlink",
              "state": {
                "file": "Characters/Non-Player Characters (NPC's)/Barovia/Other/Tommy.md",
                "collapseAll": false,
                "extraContext": false,
                "sortOrder": "alphabetical",
                "showSearch": false,
                "searchQuery": "",
                "backlinkCollapsed": false,
                "unlinkedCollapsed": true
              }
            }
          },
          {
            "id": "b5f80130ff3c19e8",
            "type": "leaf",
            "state": {
              "type": "outgoing-link",
              "state": {
                "file": "Characters/Non-Player Characters (NPC's)/Barovia/Other/Tommy.md",
                "linksCollapsed": false,
                "unlinkedCollapsed": true
              }
            }
          },
          {
            "id": "1c3854cb4593a7d7",
            "type": "leaf",
            "state": {
              "type": "tag",
              "state": {
                "sortOrder": "frequency",
                "useHierarchy": true
              }
            }
          },
          {
            "id": "12258e9f01dc3cce",
            "type": "leaf",
            "state": {
              "type": "outline",
              "state": {
                "file": "Characters/Non-Player Characters (NPC's)/Barovia/Other/Tommy.md"
              }
            }
          },
          {
            "id": "0231714e741903c9",
            "type": "leaf",
            "state": {
              "type": "QUICKSHARE_SIDE_VIEW",
              "state": {}
            }
          },
          {
            "id": "908ce2947bee50ae",
            "type": "leaf",
            "state": {
              "type": "advanced-tables-toolbar",
              "state": {}
            }
          }
        ],
        "currentTab": 5
      }
    ],
    "direction": "horizontal",
    "width": 300,
    "collapsed": true
  },
  "left-ribbon": {
    "hiddenItems": {
      "switcher:Open quick switcher": false,
      "graph:Open graph view": false,
      "canvas:Create new canvas": false,
      "daily-notes:Open today's daily note": false,
      "templates:Insert template": false,
      "command-palette:Open command palette": false,
      "table-editor-obsidian:Advanced Tables Toolbar": false,
      "digitalgarden:Digital Garden Publication Center": false
    }
  },
  "active": "1821acd459351343",
  "lastOpenFiles": [
    "Characters/Non-Player Characters (NPC's)/Barovia/Other/Irena Coljana.md",
    "Characters/Non-Player Characters (NPC's)/Barovia/Other/Tommy.md",
    "Important Items/The Tome of Strahd.md",
    "Characters/Non-Player Characters (NPC's)/Barovia/Other",
    "Characters/Player Characters/Sílorin - James/Sílorin.md",
    "Characters/Non-Player Characters (NPC's)/Barovia/Kresk",
    "Characters/Non-Player Characters (NPC's)/Barovia/Villaki",
    "Characters/Non-Player Characters (NPC's)/Barovia/Village of Barovia",
    "Characters/Non-Player Characters (NPC's)/Barovia",
    "Characters/Non-Player Characters (NPC's)",
    "Groups/Vellaki/Gangs",
    "Groups/Vellaki/Gangs/The Blu's",
    "Groups/Vellaki/Gangs/The Ravens",
    "Groups/Vellaki/Gangs/The Watchers",
    "Characters/Gods/Aurelion.md",
    "Characters/Player Characters/Giaco - Tristan/Giaco.md",
    "Characters/Player Characters/Xyrophine - Troy/Xyrophine.md",
    "Characters/Player Characters/Sílorin - James/Possessions/The Necronomicon.md",
    "Groups/Strixhaven/Strixhaven.md",
    "Groups/The Solari Order/The Solari Order.md",
    "Important Items/The Necronomicon.md",
    "World/Locations/Barovia/Village of Barovia/Village of Barovia.md",
    "World/Locations/Barovia/Barovia.md",
    "Home.md",
    "World/Locations/Barovia/Barovia-Map.png",
    "Strixhaven.md",
    "Characters/Player Characters/Sílorin - James/Possessions/Ancient Text.md",
    "Characters/Player Characters/Xyrophine - Troy/Possessions/Ancient Text.md",
    "Characters/Player Characters/Giaco - Tristan/Possessions/Ancient Text.md",
    "Characters/Characters.md",
    "Characters/Sílorin - James - Copy/Possessions/Ancient Text.md",
    "Characters/Sílorin - James - Copy/Sílorin - James.md",
    "Characters/Sílorin - James - Copy/Backstory.md",
    "Characters/Sílorin.md",
    "Note.md",
    "World/51s3lxug73o71.png",
    "Characters/Sílorin/Family/Father.md",
    "Bababooie.md"
  ]
}